칠성사이다 210ml x 30캔,"쇼핑몰: 옥션 / 가격: 9,445원 / 배송: 무료배송",https://www.fmkorea.com/5961463591,https://image.fmkorea.com/filesn/cache/thumbnails/20230712/591/463/961/005/70x50.crop.jpg?c=20230712234638
버거킹 비프불고기버거+21치즈스틱+콜라R,"쇼핑몰: 11번가 / 가격: 4,250원 / 배송: 무료",https://www.fmkorea.com/5961446111,https://image.fmkorea.com/filesn/cache/thumbnails/20230712/111/446/961/005/70x50.crop.jpg?c=20230712234129
RAZER XBOX 컨트롤러 충전 스탠드,"쇼핑몰: 11번가 / 가격: 31,900원 / 배송: 무료",https://www.fmkorea.com/5961445940,https://image.fmkorea.com/filesn/cache/thumbnails/20230712/940/445/961/005/70x50.crop.jpg?c=20230712233940
KFC 갓인기세트,"쇼핑몰: 11번가 / 가격: 7,900원 / 배송: 무료",https://www.fmkorea.com/5961426179,https://image.fmkorea.com/filesn/cache/thumbnails/20230712/179/426/961/005/70x50.crop.jpg?c=20230712233250
고농축푸룬주스 + 유산균 잔망루피 잔망한컵 14일분 1박스 1+1,"쇼핑몰: 위메프 / 가격: 30,150원 / 배송: 무료",https://www.fmkorea.com/5961412848,https://image.fmkorea.com/filesn/cache/thumbnails/20230712/848/412/961/005/70x50.crop.jpg?c=20230712232851
Crucial pro ddr4 3200mt/s (32gb x 2) 64gb,"쇼핑몰: 11마존 / 가격: 128,900원 / 배송: 무배",https://www.fmkorea.com/5961383521,https://image.fmkorea.com/filesn/cache/thumbnails/20230712/521/383/961/005/70x50.crop.jpg?c=20230712232815
"주 프리미엄 착즙 ABC주스 1개, 1L","쇼핑몰: 쿠팡 / 가격: 3,000원 / 배송: 로켓와우무료",https://www.fmkorea.com/5961378011,https://image.fmkorea.com/filesn/cache/thumbnails/20230712/011/378/961/005/70x50.crop.jpg?c=20230712231834
"팔도 비빔장 시그니처 380g, 1개","쇼핑몰: 쿠팡 / 가격: 3,980원 / 배송: 와우무배",https://www.fmkorea.com/5961323629,https://image.fmkorea.com/filesn/cache/thumbnails/20230712/629/323/961/005/70x50.crop.jpg?c=20230712230049
presonus 마이크,"쇼핑몰: 11마존 / 가격: 82,600원 / 배송: 무료",https://www.fmkorea.com/5961144251,https://image.fmkorea.com/filesn/cache/thumbnails/20230712/251/144/961/005/70x50.crop.jpg?c=20230712221129
로랜텍 무선충전 짭플 스타일러스 애플펜슬,"쇼핑몰: 네이버 / 가격: 24,900원 / 배송: 무료배송",https://www.fmkorea.com/5961133707,https://image.fmkorea.com/filesn/cache/thumbnails/20230712/707/133/961/005/70x50.crop.jpg?c=20230712221009
삼성전자 USB 3.1 Flash Drive BAR Plus 64GB,"쇼핑몰: 쿠팡 / 가격: 13,090원 / 배송: 로켓와우무료",https://www.fmkorea.com/5961119662,https://image.fmkorea.com/filesn/cache/thumbnails/20230712/662/119/961/005/70x50.crop.jpg?c=20230712221508
앱코 ch55 헤드셋,"쇼핑몰: ssg / 가격: 9,900원 / 배송: 2,500원",https://www.fmkorea.com/5961029769,https://image.fmkorea.com/filesn/cache/thumbnails/20230712/769/029/961/005/70x50.crop.jpg?c=20230712214010
쿠퍼스 헛개차 500ml 20개,"쇼핑몰: 지마켓 / 가격: 유클12,100원 / 배송: 유클무배",https://www.fmkorea.com/5960911464,https://image.fmkorea.com/filesn/cache/thumbnails/20230712/464/911/960/005/70x50.crop.jpg?c=20230712211449
일동후디스 앤업카페 생카라멜 마끼아또 300ml x 10개 유통기한 7.28일,"쇼핑몰: 카카오톡딜 / 가격: 4,900원 / 배송: 무료",https://www.fmkorea.com/5960690995,https://image.fmkorea.com/filesn/cache/thumbnails/20230712/995/690/960/005/70x50.crop.jpg?c=20230712202552
스릭슨 반반 Q-스타 투어 디바이드(블루/옐로) 골프공,"쇼핑몰: 11마존 / 가격: 28,850원 / 배송: 무료",https://www.fmkorea.com/5960683013,https://image.fmkorea.com/filesn/cache/thumbnails/20230712/013/683/960/005/70x50.crop.jpg?c=20230712204444
비비고 왕교자 1.4kg 2개,"쇼핑몰: 티몬 / 가격: 18,400원 / 배송: 무료",https://www.fmkorea.com/5960665528,https://image.fmkorea.com/filesn/cache/thumbnails/20230712/528/665/960/005/70x50.crop.jpg?c=20230712201400
오뚜기 진비빔면 20개 유니버스클럽,"쇼핑몰: 옥션 / 가격: 10,080원 / 배송: 무배",https://www.fmkorea.com/5960582564,https://image.fmkorea.com/filesn/cache/thumbnails/20230712/564/582/960/005/70x50.crop.jpg?c=20230712195031
서피스프로9 i5 16긱 + 키보드커버,"쇼핑몰: 쿠팡 / 가격: 1,057,000원 / 배송: 무료",https://www.fmkorea.com/5960530744,https://image.fmkorea.com/filesn/cache/thumbnails/20230712/744/530/960/005/70x50.crop.jpg?c=20230712193317
빙그레 붕어싸만코 30개 떡/초코/호두 아이스크림,"쇼핑몰: 동원몰 / 가격: 23,930원 / 배송: 무료",https://www.fmkorea.com/5960469631,https://image.fmkorea.com/filesn/cache/thumbnails/20230712/631/469/960/005/70x50.crop.jpg?c=20230712192908
역대가 GMK67 유무선 노브 미니배열 가스켓 키보드 베어본,쇼핑몰: 알리익스프레스 / 가격: 24.1달러 / 배송: 무배,https://www.fmkorea.com/5960483729,https://image.fmkorea.com/filesn/cache/thumbnails/20230712/729/483/960/005/70x50.crop.jpg?c=20230712194525
레이저 헌츠맨V2 리니어 풀배열(우주패스),"쇼핑몰: 11번가 / 가격: 155,370원 / 배송: 무료",https://www.fmkorea.com/5960477206,https://image.fmkorea.com/filesn/cache/thumbnails/20230712/206/477/960/005/70x50.crop.jpg?c=20230712192119
Belkin 맥세이프 3in1,"쇼핑몰: 11번가 아마존 / 가격: 144,440원 / 배송: 우주패스무배",https://www.fmkorea.com/5960440517,https://image.fmkorea.com/filesn/cache/thumbnails/20230712/517/440/960/005/70x50.crop.jpg?c=20230712190622
"(스마일페이,우리/삼성)연세우유 고단백 고소한 검은콩 고칼슘 두유 190ml (48팩)","쇼핑몰: 지마켓 / 가격: 19,370원 / 배송: 없음",https://www.fmkorea.com/5960427593,https://image.fmkorea.com/filesn/cache/thumbnails/20230712/593/427/960/005/70x50.crop.jpg?c=20230712190127
스탠리 빅 그립 맥주잔 라임스톤,"쇼핑몰: 11마존 / 가격: 22,570원 / 배송: 우주패스무료",https://www.fmkorea.com/5960070085,https://image.fmkorea.com/filesn/cache/thumbnails/20230712/085/070/960/005/70x50.crop.jpg?c=20230712190055
Pomi 토마토주스 6개입,"쇼핑몰: 쿠팡 / 가격: 21,510원 / 배송: 무료배송",https://www.fmkorea.com/5960421571,https://image.fmkorea.com/filesn/cache/thumbnails/20230712/571/421/960/005/70x50.crop.jpg?c=20230712190032
[17일] 삼성 49인치 QD-OLED 모니터 S49CG93SC,"쇼핑몰: 네이버 / 가격: 최대1,410,500 / 배송: 무료",https://www.fmkorea.com/5960419409,https://image.fmkorea.com/filesn/cache/thumbnails/20230712/409/419/960/005/70x50.crop.jpg?c=20230712190400
Crucial P3 Plus 1TB,"쇼핑몰: 11번가 아마존 / 가격: 44,210원 / 배송: 우주패스무료",https://www.fmkorea.com/5960359868,https://image.fmkorea.com/filesn/cache/thumbnails/20230712/868/359/960/005/70x50.crop.jpg?c=20230712184312
피코크 떡갈비 450g 3봉,"쇼핑몰: 카카오 / 가격: 14,400원 / 배송: 무료",https://www.fmkorea.com/5960261468,https://image.fmkorea.com/filesn/cache/thumbnails/20230712/468/261/960/005/70x50.crop.jpg?c=20230712180134
얇은피 고향만두 식자재용 1.5kg 2개,"쇼핑몰: 옥션 / 가격: 12,460원 / 배송: 무료",https://www.fmkorea.com/5960226045,https://image.fmkorea.com/filesn/cache/thumbnails/20230712/045/226/960/005/70x50.crop.jpg?c=20230712180729
코카콜라 190ml x 30캔,"쇼핑몰: 롯데온 / 가격: N페이13,860 / 배송: 무료",https://www.fmkorea.com/5960224512,https://image.fmkorea.com/filesn/cache/thumbnails/20230712/512/224/960/005/70x50.crop.jpg?c=20230712175416
힘찬이와 함께하는 병역진로티콘,쇼핑몰: 카카오이모티콘 / 가격: 무료 / 배송: 무료,https://www.fmkorea.com/5960185050,https://image.fmkorea.com/filesn/cache/thumbnails/20230712/050/185/960/005/70x50.crop.jpg?c=20230712173807
"스파클 2리터 24병 & 500ml 100병, 선착순 20%쿠폰","쇼핑몰: 티몬 / 가격: 8,530원 / 배송: 무료",https://www.fmkorea.com/5960178674,https://image.fmkorea.com/filesn/cache/thumbnails/20230712/674/178/960/005/70x50.crop.jpg?c=20230712173505
올인인샤워타올 이거한장 10장,"쇼핑몰: 원쁠딜 / 가격: 12,800원 / 배송: 무료",https://www.fmkorea.com/5960160168,https://image.fmkorea.com/filesn/cache/thumbnails/20230712/168/160/960/005/70x50.crop.jpg?c=20230712174433
닭다리살로 만든 너겟 1kg X 2봉,"쇼핑몰: 티몬 / 가격: 12,500원 / 배송: 무료",https://www.fmkorea.com/5960084997,https://image.fmkorea.com/filesn/cache/thumbnails/20230712/997/084/960/005/70x50.crop.jpg?c=20230712170315
갈배사이다 제로 355ml x24,"쇼핑몰: 롯데온 / 가격: N페이14,370원 / 배송: 무료",https://www.fmkorea.com/5960085693,https://image.fmkorea.com/filesn/cache/thumbnails/20230712/693/085/960/005/70x50.crop.jpg?c=20230712170158
포스트 아몬드후레이크 620gx3 +키친락 밀폐용기 1개,"쇼핑몰: 지마켓 / 가격: 12,370원 / 배송: 유클무료",https://www.fmkorea.com/5960015194,https://image.fmkorea.com/filesn/cache/thumbnails/20230712/194/015/960/005/70x50.crop.jpg?c=20230712163756
레쓰비 마일드 캔커피 160ml x 60캔 / 1캔 315원,"쇼핑몰: 지마켓 / 가격: 18,900원 / 배송: 유클무료",https://www.fmkorea.com/5959999335,https://image.fmkorea.com/filesn/cache/thumbnails/20230712/335/999/959/005/70x50.crop.jpg?c=20230712163222
호두과자 20알,"쇼핑몰: 티몬 / 가격: 4,340원 / 배송: 무료",https://www.fmkorea.com/5959995566,https://image.fmkorea.com/filesn/cache/thumbnails/20230712/566/995/959/005/70x50.crop.jpg?c=20230712164812
암퇘지 통삼겹살 2kg,"쇼핑몰: 지마켓 / 가격: 유클18,900원 / 배송: 무배",https://www.fmkorea.com/5959980351,https://image.fmkorea.com/filesn/cache/thumbnails/20230712/351/980/959/005/70x50.crop.jpg?c=20230712162442
미유미니플러스/RG35XX 휴대용 레트로 게임기,"쇼핑몰: 큐텐 / 가격: 49,400원 / 배송: 무료",https://www.fmkorea.com/5959937334,https://image.fmkorea.com/filesn/cache/thumbnails/20230712/334/937/959/005/70x50.crop.jpg?c=20230712160605
삼성전자 제습기 AY18CG7500GED 1등급 인버터 18L 신형,"쇼핑몰: 11번가 / 가격: 419,000원 / 배송: 무료",https://www.fmkorea.com/5959751452,https://image.fmkorea.com/filesn/cache/thumbnails/20230712/452/751/959/005/70x50.crop.jpg?c=20230712161502
분필형 해충약 신기패 2개입,"쇼핑몰: 위메프 / 가격: 7,290원 / 배송: 무료",https://www.fmkorea.com/5959927580,https://image.fmkorea.com/filesn/cache/thumbnails/20230712/580/927/959/005/70x50.crop.jpg?c=20230712160209
삼성전자 SL-J1780W 컬러 잉크젯복합기 잉크포함,"쇼핑몰: 11번가 / 가격: 89,360원 / 배송: 무료",https://www.fmkorea.com/5959920569,https://image.fmkorea.com/filesn/cache/thumbnails/20230712/569/920/959/005/70x50.crop.jpg?c=20230712160122
수협 바다선생 조미김 4g 100봉 ,"쇼핑몰: 하프클럽 / 가격: 17,750원 / 배송: 무료배송",https://www.fmkorea.com/5959915145,https://image.fmkorea.com/filesn/cache/thumbnails/20230712/145/915/959/005/70x50.crop.jpg?c=20230712155955
adidas 디펜더 4 스몰 더플 백 블랙/실버 메탈릭 사이즈,"쇼핑몰: 11마존 / 가격: 24,830원 / 배송: 우주패스무료",https://www.fmkorea.com/5959906196,https://image.fmkorea.com/filesn/cache/thumbnails/20230712/196/906/959/005/70x50.crop.jpg?c=20230712155404
PLANTERS 쏠티드 믹스 너츠 1.58kg,"쇼핑몰: 11마존 / 가격: 18,990원 / 배송: 무료배송",https://www.fmkorea.com/5959903165,https://image.fmkorea.com/filesn/cache/thumbnails/20230712/165/903/959/005/70x50.crop.jpg?c=20230712155301
"착한낙지 135g6팩(우리,삼카-->19370)","쇼핑몰: 지마켓 / 가격: 21,520원 / 배송: 무료",https://www.fmkorea.com/5959886375,https://image.fmkorea.com/filesn/cache/thumbnails/20230712/375/886/959/005/70x50.crop.jpg?c=20230712160325
꿀벌 프로폴리스 2X 500mg 240베지캡슐 2개(유클),"쇼핑몰: G마켓 / 가격: 35,240원 / 배송: 무료",https://www.fmkorea.com/5959879596,https://image.fmkorea.com/filesn/cache/thumbnails/20230712/596/879/959/005/70x50.crop.jpg?c=20230712154843
서울우유 비요뜨 초코링 12개 + 더:그래놀라 12개,"쇼핑몰: 네이버 원쁠딜 / 가격: 19,000원 / 배송: 무료",https://www.fmkorea.com/5959829743,https://image.fmkorea.com/filesn/cache/thumbnails/20230712/743/829/959/005/70x50.crop.jpg?c=20230712152714
Crucial P5 Plus 1TB PCIe 4.0 3D NAND NVMe M.2 게이밍 SSD 최대 6600MB/s,"쇼핑몰: 11번가아마존 / 가격: 61,430원 / 배송: 우주패스무료",https://www.fmkorea.com/5959794364,https://image.fmkorea.com/filesn/cache/thumbnails/20230712/364/794/959/005/70x50.crop.jpg?c=20230712151714
푸마 시부이캣 블랙,"쇼핑몰: 무신사 / 가격: 21,900원 / 배송: 무료",https://www.fmkorea.com/5959801064,https://image.fmkorea.com/filesn/cache/thumbnails/20230712/064/801/959/005/70x50.crop.jpg?c=20230712151433
아이폰 14 프로 128GB 실버,"쇼핑몰: 11번가 / 가격: 1,261,700원 / 배송: 무료",https://www.fmkorea.com/5959782261,https://image.fmkorea.com/filesn/cache/thumbnails/20230712/261/782/959/005/70x50.crop.jpg?c=20230712150723
쿠쿠 마스터셰프 ih 트윈프레셔 밥솥,"쇼핑몰: 하프클럽 / 가격: 291,000원 / 배송: 무료배송",https://www.fmkorea.com/5959745707,https://image.fmkorea.com/filesn/cache/thumbnails/20230712/707/745/959/005/70x50.crop.jpg?c=20230712145623
흑청새치,"쇼핑몰: 11마존 / 가격: 47,860원 / 배송: 우주무료",https://www.fmkorea.com/5959705400,https://image.fmkorea.com/filesn/cache/thumbnails/20230712/400/705/959/005/70x50.crop.jpg?c=20230712144259
스너글 섬유탈취제 470ml 허거블 3개,"쇼핑몰: 지마켓 / 가격: 11,450원 / 배송: 무배",https://www.fmkorea.com/5959674417,https://image.fmkorea.com/filesn/cache/thumbnails/20230712/417/674/959/005/70x50.crop.jpg?c=20230712142531
파세코 14인치 서큘레이터,"쇼핑몰: LF쇼핑 / 가격: 62,100원 / 배송: 무료",https://www.fmkorea.com/5959661584,https://image.fmkorea.com/filesn/cache/thumbnails/20230712/584/661/959/005/70x50.crop.jpg?c=20230712141905
단골집 종로 소고기육개장 500g x 5팩 삼/우 12600원,"쇼핑몰: G마켓 / 가격: 14,000원 / 배송: 무료",https://www.fmkorea.com/5959657678,https://image.fmkorea.com/filesn/cache/thumbnails/20230712/678/657/959/005/70x50.crop.jpg?c=20230712141719
라그나돌 중2병 이모티콘 (십덕주의),쇼핑몰: 카카오톡 이모티콘 / 가격: 0원 / 배송: 무료,https://www.fmkorea.com/5959639483,https://image.fmkorea.com/filesn/cache/thumbnails/20230712/483/639/959/005/70x50.crop.jpg?c=20230712141519
밀카 슈프림 180g 18개 총 108개 (유통기한 08/13),"쇼핑몰: 네이버 / 가격: 10,900원 / 배송: 0원",https://www.fmkorea.com/5959629785,https://image.fmkorea.com/filesn/cache/thumbnails/20230712/785/629/959/005/70x50.crop.jpg?c=20230712140839
블랙앵거스 냉장 살치살 구이용 500g (미국산) + 블랙앵거스 냉장 갈비본살 500g (미국산),"쇼핑몰: 동원몰 / 가격: 34,900원 / 배송: 무료배송",https://www.fmkorea.com/5959618797,https://image.fmkorea.com/filesn/cache/thumbnails/20230712/797/618/959/005/70x50.crop.jpg?c=20230712140248
